{"cameraMode":{"drawMode":0,"name":"Shaded","section":"Shading Mode"},"sceneLighting":false,"audioPlay":false,"sceneViewState":{"m_AlwaysRefresh":false,"showFog":true,"showSkybox":true,"showFlares":true,"showImageEffects":true,"showParticleSystems":true,"showVisualEffectGraphs":true,"m_FxEnabled":true},"in2DMode":false,"pivot":{"x":16.325883865356447,"y":12.994892120361329,"z":-50.08208084106445},"rotation":{"x":-0.055384330451488498,"y":0.9453465342521668,"z":-0.2551240622997284,"w":-0.19743385910987855},"size":2.4364376068115236,"orthographic":false}