{"cameraMode":{"drawMode":0,"name":"Shaded","section":"Shading Mode"},"sceneLighting":false,"audioPlay":false,"sceneViewState":{"m_AlwaysRefresh":false,"showFog":true,"showSkybox":true,"showFlares":true,"showImageEffects":true,"showParticleSystems":true,"showVisualEffectGraphs":true,"m_FxEnabled":true},"in2DMode":false,"pivot":{"x":20.599424362182618,"y":54.272701263427737,"z":51.477176666259769},"rotation":{"x":0.1513439118862152,"y":-0.5350039005279541,"z":0.09839434176683426,"w":0.8254237771034241},"size":3.1417243480682375,"orthographic":false}