{"cameraMode":{"drawMode":0,"name":"Shaded","section":"Shading Mode"},"sceneLighting":false,"audioPlay":false,"sceneViewState":{"m_AlwaysRefresh":false,"showFog":true,"showSkybox":true,"showFlares":true,"showImageEffects":true,"showParticleSystems":true,"showVisualEffectGraphs":true,"m_FxEnabled":true},"in2DMode":false,"pivot":{"x":-2.9750776290893556,"y":3.0154612064361574,"z":13.957174301147461},"rotation":{"x":0.0046740989200770859,"y":-0.9945794343948364,"z":0.08976127952337265,"w":0.05344922095537186},"size":0.045715589076280597,"orthographic":false}