{"cameraMode":{"drawMode":0,"name":"Shaded","section":"Shading Mode"},"sceneLighting":false,"audioPlay":false,"sceneViewState":{"m_AlwaysRefresh":false,"showFog":true,"showSkybox":true,"showFlares":true,"showImageEffects":true,"showParticleSystems":true,"showVisualEffectGraphs":true,"m_FxEnabled":false},"in2DMode":false,"pivot":{"x":536.5318603515625,"y":209.97244262695313,"z":-806.7422485351563},"rotation":{"x":-0.28983113169670107,"y":-0.010634868405759335,"z":0.0037140012718737127,"w":-0.9572694897651672},"size":13.248184204101563,"orthographic":false}