{"cameraMode":{"drawMode":0,"name":"Shaded","section":"Shading Mode"},"sceneLighting":false,"audioPlay":false,"sceneViewState":{"m_AlwaysRefresh":false,"showFog":true,"showSkybox":true,"showFlares":true,"showImageEffects":true,"showParticleSystems":true,"showVisualEffectGraphs":true,"m_FxEnabled":false},"in2DMode":false,"pivot":{"x":585.1497192382813,"y":-135.85037231445313,"z":805.3340454101563},"rotation":{"x":-0.1390773206949234,"y":-0.0073809316381812099,"z":0.00046117810416035354,"w":-0.9904704689979553},"size":796.1746826171875,"orthographic":false}