{"cameraMode":{"drawMode":0,"name":"Shaded","section":"Shading Mode"},"sceneLighting":false,"audioPlay":false,"sceneViewState":{"m_AlwaysRefresh":false,"showFog":true,"showSkybox":true,"showFlares":true,"showImageEffects":true,"showParticleSystems":true,"showVisualEffectGraphs":true,"m_FxEnabled":true},"in2DMode":false,"pivot":{"x":18.339263916015626,"y":-23.819475173950197,"z":37.496299743652347},"rotation":{"x":-0.3841922879219055,"y":-0.16772039234638215,"z":0.056662168353796008,"w":-0.9062682390213013},"size":29.1218318939209,"orthographic":false}